metric,scope,category,sub_niche,geo,traffic_source,variant,cohort_day,stat,value,unit,period,source_id,source_locator,value_source_id,value_source_locator,n,sample_note,note
ttr,overall,all,all,global,apple_ads,without_cpp,,aggregate,9.72,percent,2025,report-2026,p20,report-2026,p20,,Per-row app count is not published; comparison is aggregated at ad-group level.,
ttr,overall,all,all,global,apple_ads,with_cpp,,aggregate,10.90,percent,2025,report-2026,p20,report-2026,p20,,Per-row app count is not published; comparison is aggregated at ad-group level.,
cpp_ttr_lift,overall,all,all,global,apple_ads,with_cpp_vs_without_cpp,,relative_lift,12.1,percent,2025,report-2026,p20,report-2026,p20,,Per-row app count is not published; comparison is aggregated at ad-group level.,
cr,overall,all,all,global,apple_ads,without_cpp,,aggregate,63.91,percent,2025,report-2026,p20,report-2026,p20,,Per-row app count is not published; comparison is aggregated at ad-group level.,
cr,overall,all,all,global,apple_ads,with_cpp,,aggregate,70.05,percent,2025,report-2026,p20,report-2026,p20,,Per-row app count is not published; comparison is aggregated at ad-group level.,
cpp_cr_lift,overall,all,all,global,apple_ads,with_cpp_vs_without_cpp,,relative_lift,9.6,percent,2025,report-2026,p20,report-2026,p20,,Per-row app count is not published; comparison is aggregated at ad-group level.,
downloads_per_1000_impressions,overall,all,all,global,apple_ads,without_cpp,,aggregate,62.1,count_per_1000_impressions,2025,report-2026,p21,report-2026,p21,,Per-row app count is not published; comparison is aggregated at ad-group level.,
downloads_per_1000_impressions,overall,all,all,global,apple_ads,with_cpp,,aggregate,76.3,count_per_1000_impressions,2025,report-2026,p21,report-2026,p21,,Per-row app count is not published; comparison is aggregated at ad-group level.,
cpp_download_lift,overall,all,all,global,apple_ads,with_cpp_vs_without_cpp,,relative_lift,22.9,percent,2025,report-2026,p21,report-2026,p21,,Per-row app count is not published; comparison is aggregated at ad-group level.,
tailored_paywall_install_to_trial_lift,overall,all,all,global,apple_ads,tailored_vs_default,,relative_lift,41.5,percent,2025,report-2026,p16,report-2026,p16,,"Measured within the same apps, comparing default paywalls with keyword-intent-matched paywalls.",
tailored_paywall_trial_to_paid_lift,overall,all,all,global,apple_ads,tailored_vs_default,,relative_lift,24.2,percent,2025,report-2026,p16,report-2026,p16,,"Measured within the same apps, comparing default paywalls with keyword-intent-matched paywalls.",
tailored_paywall_paying_user_lift,overall,all,all,global,apple_ads,tailored_vs_default,,relative_lift,76,percent,2025,report-2026,p16,report-2026,p16,,"Measured within the same apps, comparing default paywalls with keyword-intent-matched paywalls.",
tailored_paywall_roas_lift,overall,all,all,global,apple_ads,tailored_vs_default,0,relative_lift,48.4,percent,2025,report-2026,p17,report-2026,p17,,Measured within the same apps; absolute default and tailored ROAS values are not published.,
tailored_paywall_roas_lift,overall,all,all,global,apple_ads,tailored_vs_default,3,relative_lift,59.5,percent,2025,report-2026,p17,report-2026,p17,,Measured within the same apps; absolute default and tailored ROAS values are not published.,
tailored_paywall_roas_lift,overall,all,all,global,apple_ads,tailored_vs_default,7,relative_lift,72.3,percent,2025,report-2026,p17,report-2026,p17,,Measured within the same apps; absolute default and tailored ROAS values are not published.,
tailored_paywall_roas_lift,overall,all,all,global,apple_ads,tailored_vs_default,14,relative_lift,68.0,percent,2025,report-2026,p17,report-2026,p17,,Measured within the same apps; absolute default and tailored ROAS values are not published.,
tailored_paywall_roas_lift,overall,all,all,global,apple_ads,tailored_vs_default,28,relative_lift,68.2,percent,2025,report-2026,p17,report-2026,p17,,Measured within the same apps; absolute default and tailored ROAS values are not published.,
tailored_paywall_roas_lift,overall,all,all,global,apple_ads,tailored_vs_default,31,relative_lift,70.7,percent,2025,report-2026,p17,report-2026,p17,,Measured within the same apps; absolute default and tailored ROAS values are not published.,
tailored_paywall_roas_lift,overall,all,all,global,apple_ads,tailored_vs_default,61,relative_lift,78.0,percent,2025,report-2026,p17,report-2026,p17,,Measured within the same apps; absolute default and tailored ROAS values are not published.,
tailored_paywall_roas_lift,overall,all,all,global,apple_ads,tailored_vs_default,92,relative_lift,82.5,percent,2025,report-2026,p17,report-2026,p17,,Measured within the same apps; absolute default and tailored ROAS values are not published.,
