scope,key,label,parent_key,app_store_genre_id,source_id,source_locator,value_source_id,value_source_locator,note
report_category,productivity,Productivity,"","",report-2026,p3,report-2026,p3,""
report_category,photo-video,Photo & Video,"","",report-2026,p3,report-2026,p3,""
report_category,utilities,Utilities,"","",report-2026,p3,report-2026,p3,""
report_category,education,Education,"","",report-2026,p3,report-2026,p3,""
report_category,entertainment,Entertainment,"","",report-2026,p3,report-2026,p3,""
report_category,health-fitness,Health & Fitness,"","",report-2026,p3,report-2026,p3,""
report_category,lifestyle,Lifestyle,"","",report-2026,p3,report-2026,p3,""
report_category,music,Music,"","",report-2026,p3,report-2026,p3,""
report_category,navigation,Navigation,"","",report-2026,p3,report-2026,p3,""
report_category,books,Books,"","",report-2026,p3,report-2026,p3,""
report_category,graphics-design,Graphics & Design,"","",report-2026,p3,report-2026,p3,""
report_category,social-networking,Social Networking,"","",report-2026,p3,report-2026,p3,""
report_category,travel,Travel,"","",report-2026,p3,report-2026,p3,""
report_category,weather,Weather,"","",report-2026,p3,report-2026,p3,""
report_category,unclassified,Unclassified,"","",workbook-2026,all_by_tag!A6,workbook-2026,all_by_tag!A6,The workbook's Apps tag is not assigned to a category on the PDF taxonomy page.
app_store_genre,utilities,Utilities,"",6002,report-2026,p2,workbook-2026,ttr_by_genre!A2:B2,""
app_store_genre,medical,Medical,"",6020,report-2026,p2,workbook-2026,ttr_by_genre!A3:B3,""
app_store_genre,sports,Sports,"",6004,report-2026,p2,workbook-2026,ttr_by_genre!A4:B4,""
app_store_genre,graphics-design,Graphics & Design,"",6027,report-2026,p2,workbook-2026,ttr_by_genre!A5:B5,""
app_store_genre,education,Education,"",6017,report-2026,p2,workbook-2026,ttr_by_genre!A6:B6,""
app_store_genre,lifestyle,Lifestyle,"",6012,report-2026,p2,workbook-2026,ttr_by_genre!A7:B7,""
app_store_genre,finance,Finance,"",6015,report-2026,p2,workbook-2026,ttr_by_genre!A8:B8,""
app_store_genre,social-networking,Social Networking,"",6005,report-2026,p2,workbook-2026,ttr_by_genre!A9:B9,""
app_store_genre,business,Business,"",6000,report-2026,p2,workbook-2026,ttr_by_genre!A10:B10,""
app_store_genre,navigation,Navigation,"",6010,report-2026,p2,workbook-2026,ttr_by_genre!A11:B11,""
app_store_genre,music,Music,"",6011,report-2026,p2,workbook-2026,ttr_by_genre!A12:B12,""
app_store_genre,photo-video,Photo & Video,"",6008,report-2026,p2,workbook-2026,ttr_by_genre!A13:B13,""
app_store_genre,reference,Reference,"",6006,report-2026,p2,workbook-2026,ttr_by_genre!A14:B14,""
app_store_genre,travel,Travel,"",6003,report-2026,p2,workbook-2026,ttr_by_genre!A15:B15,""
app_store_genre,productivity,Productivity,"",6007,report-2026,p2,workbook-2026,ttr_by_genre!A16:B16,""
app_store_genre,weather,Weather,"",6001,report-2026,p2,workbook-2026,ttr_by_genre!A17:B17,""
app_store_genre,games,Games,"",6014,report-2026,p2,workbook-2026,ttr_by_genre!A18:B18,""
app_store_genre,entertainment,Entertainment,"",6016,report-2026,p2,workbook-2026,ttr_by_genre!A19:B19,""
app_store_genre,health-fitness,Health & Fitness,"",6013,report-2026,p2,workbook-2026,ttr_by_genre!A20:B20,""
app_store_genre,book,Book,"",6018,report-2026,p2,workbook-2026,ttr_by_genre!A21:B21,""
app_store_genre,food-drink,Food & Drink,"",6023,report-2026,p2,workbook-2026,ttr_by_genre!A22:B22,""
app_store_genre,shopping,Shopping,"",6024,report-2026,p2,workbook-2026,ttr_by_genre!A23:B23,""
sub_niche,ai,AI,productivity,"",report-2026,p3,workbook-2026,all_by_tag!A2,""
sub_niche,ai-art-generator,AI Art Generator,photo-video,"",report-2026,p3,workbook-2026,all_by_tag!A3,""
sub_niche,ai-chatbot,AI Chatbot,productivity,"",report-2026,p3,workbook-2026,all_by_tag!A4,""
sub_niche,ai-music-generator,AI Music Generator,music,"",report-2026,p3,workbook-2026,all_by_tag!A5,""
sub_niche,apps,Apps,unclassified,"",workbook-2026,all_by_tag!A6,workbook-2026,all_by_tag!A6,Not assigned to a report category on PDF page 3; no parent was inferred.
sub_niche,apps-for-games,Apps for Games,entertainment,"",report-2026,p3,workbook-2026,all_by_tag!A7,""
sub_niche,audio-music-editor,Audio/Music Editor,music,"",report-2026,p3,workbook-2026,all_by_tag!A8,""
sub_niche,audiobooks-ebooks,Audiobooks & Ebooks,books,"",report-2026,p3,workbook-2026,all_by_tag!A9,""
sub_niche,auto-vehicles,Auto & Vehicles,lifestyle,"",report-2026,p3,workbook-2026,all_by_tag!A10,""
sub_niche,books-reference,Books & Reference,books,"",report-2026,p3,workbook-2026,all_by_tag!A11,""
sub_niche,calorie-weight-tracker,Calorie & Weight Tracker,health-fitness,"",report-2026,p3,workbook-2026,all_by_tag!A12,""
sub_niche,document-scanner,Document Scanner,utilities,"",report-2026,p3,workbook-2026,all_by_tag!A13,""
sub_niche,driver-license,Driver License,education,"",report-2026,p3,workbook-2026,all_by_tag!A14,""
sub_niche,education,Education,education,"",report-2026,p3,workbook-2026,all_by_tag!A15,""
sub_niche,education-other,Education: Other,education,"",report-2026,p3,workbook-2026,all_by_tag!A16,""
sub_niche,entertainment,Entertainment,entertainment,"",report-2026,p3,workbook-2026,all_by_tag!A17,""
sub_niche,entertainment-other,Entertainment: Other,entertainment,"",report-2026,p3,workbook-2026,all_by_tag!A18,""
sub_niche,exam-preparation,Exam Preparation,education,"",report-2026,p3,workbook-2026,all_by_tag!A19,""
sub_niche,fitness-workouts,Fitness & Workouts,health-fitness,"",report-2026,p3,workbook-2026,all_by_tag!A20,""
sub_niche,flight-tracking,Flight Tracking,travel,"",report-2026,p3,workbook-2026,all_by_tag!A21,""
sub_niche,gps-search-tracking,GPS Search & Tracking,navigation,"",report-2026,p3,workbook-2026,all_by_tag!A22,""
sub_niche,generative-ai,Generative AI,productivity,"",report-2026,p3,workbook-2026,all_by_tag!A23,""
sub_niche,graphics-design,Graphics & Design,graphics-design,"",report-2026,p3,workbook-2026,all_by_tag!A24,""
sub_niche,health-fitness,Health & Fitness,health-fitness,"",report-2026,p3,workbook-2026,all_by_tag!A25,""
sub_niche,health-tracker,Health Tracker,health-fitness,"",report-2026,p3,workbook-2026,all_by_tag!A26,""
sub_niche,home-garden,Home & Garden,lifestyle,"",report-2026,p3,workbook-2026,all_by_tag!A27,""
sub_niche,horoscope-astrology,Horoscope & Astrology,lifestyle,"",report-2026,p3,workbook-2026,all_by_tag!A28,""
sub_niche,lifestyle,Lifestyle,lifestyle,"",report-2026,p3,workbook-2026,all_by_tag!A29,""
sub_niche,music-apps,Music Apps,music,"",report-2026,p3,workbook-2026,all_by_tag!A30,""
sub_niche,music-apps-other,Music Apps: Other,music,"",report-2026,p3,workbook-2026,all_by_tag!A31,""
sub_niche,navigation,Navigation,navigation,"",report-2026,p3,workbook-2026,all_by_tag!A32,""
sub_niche,navigation-other,Navigation: Other,navigation,"",report-2026,p3,workbook-2026,all_by_tag!A33,""
sub_niche,notes,Notes,productivity,"",report-2026,p3,workbook-2026,all_by_tag!A34,""
sub_niche,office-suite,Office Suite,productivity,"",report-2026,p3,workbook-2026,all_by_tag!A35,""
sub_niche,pdf-reader,PDF Reader,productivity,"",report-2026,p3,workbook-2026,all_by_tag!A36,""
sub_niche,personalization,Personalization,entertainment,"",report-2026,p3,workbook-2026,all_by_tag!A37,""
sub_niche,photo-video,Photo & Video,photo-video,"",report-2026,p3,workbook-2026,all_by_tag!A38,""
sub_niche,photo-video-other,Photo & Video: Other,photo-video,"",report-2026,p3,workbook-2026,all_by_tag!A39,""
sub_niche,photo-editor,Photo Editor,photo-video,"",report-2026,p3,workbook-2026,all_by_tag!A40,""
sub_niche,poster-card-maker,Poster & Card Maker,graphics-design,"",report-2026,p3,workbook-2026,all_by_tag!A41,""
sub_niche,productivity,Productivity,productivity,"",report-2026,p3,workbook-2026,all_by_tag!A42,""
sub_niche,recorder,Recorder,utilities,"",report-2026,p3,workbook-2026,all_by_tag!A43,""
sub_niche,religion,Religion,lifestyle,"",report-2026,p3,workbook-2026,all_by_tag!A44,""
sub_niche,remote-control,Remote Control,utilities,"",report-2026,p3,workbook-2026,all_by_tag!A45,""
sub_niche,screen-recorder,Screen Recorder,photo-video,"",report-2026,p3,workbook-2026,all_by_tag!A46,""
sub_niche,social,Social,social-networking,"",report-2026,p3,workbook-2026,all_by_tag!A47,""
sub_niche,social-account-stats,Social Account Stats,social-networking,"",report-2026,p3,workbook-2026,all_by_tag!A48,""
sub_niche,stickers-gifs-smileys-emoji,"Stickers, GIFs, Smileys, Emoji",entertainment,"",report-2026,p3,workbook-2026,all_by_tag!A49,""
sub_niche,study,Study,education,"",report-2026,p3,workbook-2026,all_by_tag!A50,""
sub_niche,time-planner,Time Planner,productivity,"",report-2026,p3,workbook-2026,all_by_tag!A51,""
sub_niche,tools,Tools,utilities,"",report-2026,p3,workbook-2026,all_by_tag!A52,""
sub_niche,tools-other,Tools: Other,utilities,"",report-2026,p3,workbook-2026,all_by_tag!A53,""
sub_niche,translator,Translator,utilities,"",report-2026,p3,workbook-2026,all_by_tag!A54,""
sub_niche,travel,Travel,travel,"",report-2026,p3,workbook-2026,all_by_tag!A55,""
sub_niche,vpn,VPN,utilities,"",report-2026,p3,workbook-2026,all_by_tag!A56,""
sub_niche,video-editor,Video Editor,photo-video,"",report-2026,p3,workbook-2026,all_by_tag!A57,""
sub_niche,video-players,Video Players,photo-video,"",report-2026,p3,workbook-2026,all_by_tag!A58,""
sub_niche,weather,Weather,weather,"",report-2026,p3,workbook-2026,all_by_tag!A59,""
sub_niche,yoga,Yoga,health-fitness,"",report-2026,p3,workbook-2026,all_by_tag!A60,""
